date,year,month,month_name,quarter,year_month,post_brexit,covid_period,hgv_crisis,ukraine_war,energy_crisis,era,retail_total_volume,retail_food_volume,retail_non_food_volume,retail_online_volume,cpi_food_nonalcoholic,cpi_clothing_footwear,cpi_transport,imports_food_and_live_animals,imports_machinery_and_transport,imports_manufactured_goods,imports_chemicals,imports_mineral_fuels,imports_food_and_live_animals_yoy,imports_machinery_and_transport_yoy,imports_manufactured_goods_yoy,total_hgv_licensed,retail_total_volume_rolling_avg,retail_total_volume_deviation,retail_food_volume_rolling_avg,retail_food_volume_deviation,retail_non_food_volume_rolling_avg,retail_non_food_volume_deviation,cpi_food_nonalcoholic_yoy,cpi_clothing_footwear_yoy,cpi_transport_yoy,cpi_food_premium,hgv_yoy,hgv_below_2019
2015-01-01,2015,1,January,1,2015-01,0,0,0,0,0,Pre-COVID,91.6,90.4,98.0,100.2,101.288,97.968,98.137,1825997539.0,6922716836.0,2056294751.0,2987968563.0,685440160.0,,,,494.7,,,,,,,,,,,,1
2015-02-01,2015,2,February,1,2015-02,0,0,0,0,0,Pre-COVID,-0.1,0.0,0.0,0.0,101.035,99.29,98.495,1848676746.0,7644005870.0,2087633037.0,3120163690.0,784649577.0,,,,495.9,,,,,,,,,,,,1
2015-03-01,2015,3,March,1,2015-03,0,0,0,0,0,Pre-COVID,91.8,91.3,98.2,101.0,100.852,99.234,99.226,2011749534.0,8495389082.0,2169024179.0,3350574207.0,763255557.0,,,,495.5,,,,,,,,,,,,1
2015-04-01,2015,4,April,2,2015-04,0,0,0,0,0,Pre-COVID,92.4,91.8,98.4,101.5,100.495,99.949,100.295,1928980406.0,7419886632.0,2044419610.0,2959516697.0,634943692.0,,,,495.2,52.471428571428575,76.0958,52.1,76.1996,56.10000000000001,75.4011,,,,,,1
2015-05-01,2015,5,May,2,2015-05,0,0,0,0,0,Pre-COVID,92.3,91.7,98.8,101.3,100.4,100.488,100.906,1835439660.0,7126097686.0,1906700337.0,3037097337.0,681798557.0,,,,494.3,51.06666666666667,80.7441,50.71111111111111,80.8282,54.6,80.9524,,,,,,1
2015-06-01,2015,6,June,2,2015-06,0,0,0,0,0,Pre-COVID,0.0,0.0,0.0,0.0,100.161,100.07,101.133,1973888888.0,7894122747.0,2176296581.0,3282355893.0,745816857.0,,,,494.3,41.78181818181818,-100.0,41.49090909090909,-100.0,44.67272727272728,-100.0,,,,,,1
2015-07-01,2015,7,July,3,2015-07,0,0,0,0,0,Pre-COVID,0.0,0.0,0.0,0.0,99.47,96.709,102.341,1937259315.0,8004555106.0,2126305253.0,3126642583.0,586390070.0,,,,494.1,38.38333333333333,-100.0,38.15833333333334,-100.0,41.03333333333334,-100.0,-1.7949,-1.2851,4.2838,-6.0787,-0.1213,1
2015-08-01,2015,8,August,3,2015-08,0,0,0,0,0,Pre-COVID,0.0,0.0,0.0,0.0,99.498,98.18,102.45,1804211226.0,6262748518.0,1778722390.0,2791621762.0,598977088.0,,,,495.7,46.125,-100.0,45.84166666666666,-100.0,49.28333333333334,-100.0,-1.5213,-1.1179,4.0154,-5.5367,-0.0403,1
2015-09-01,2015,9,September,3,2015-09,0,0,0,0,0,Pre-COVID,0.0,0.1,0.0,0.0,99.516,100.925,99.903,2027979474.0,8075887159.0,2080109057.0,3174094399.0,577605138.0,,,,495.2,38.50833333333333,-100.0,38.275,-99.7387,41.125,-100.0,-1.3247,1.7041,0.6823,-2.007,-0.0605,1
2015-10-01,2015,10,October,4,2015-10,0,0,0,0,0,Pre-COVID,0.0,0.0,0.0,0.0,99.107,102.925,98.888,2092895621.0,8268152834.0,2122125399.0,3198811216.0,525516510.0,,,,495.4,38.65833333333333,-100.0,38.4,-100.0,41.333333333333336,-100.0,-1.3812,2.9775,-1.4029,0.0217,0.0404,1
2015-11-01,2015,11,November,4,2015-11,0,0,0,0,0,Pre-COVID,0.0,0.0,0.0,0.0,99.179,102.803,98.244,1917569642.0,7986208994.6,2077697647.2,3165674342.8,511708325.0,,,,494.0,38.74166666666667,-100.0,38.45,-100.0,41.38333333333333,-100.0,-1.2161,2.3038,-2.6381,1.422,-0.0607,1
2015-12-01,2015,12,December,4,2015-12,0,0,0,0,0,Pre-COVID,0.1,0.1,0.1,-0.1,98.998,101.457,99.982,1860290091.0,7422321315.8,1988842143.6,3099400596.4,484091955.0,,,,495.9,46.575,-99.7853,46.19166666666667,-99.7835,49.73333333333333,-99.7989,-1.1611,1.386,-1.1381,-0.023,0.3237,1
2016-01-01,2016,1,January,1,2016-01,0,0,0,0,0,Pre-COVID,96.4,95.0,101.8,109.9,98.631,98.327,97.454,1745730989.0,6858433637.0,1899986640.0,3033126850.0,456475585.0,,,,505.7,54.73333333333333,76.1267,54.208333333333336,75.2498,58.36666666666667,74.4146,-0.8435,1.6731,-4.7752,3.9317,2.3477,1
2016-02-01,2016,2,February,1,2016-02,0,0,0,0,0,Pre-COVID,95.4,94.5,102.0,110.1,98.754,99.591,97.459,1913444013.0,8406449705.0,2051265844.0,3264112977.0,572737658.0,4.7889699811912045,21.43281177245597,-0.2445615832824765,504.4,54.95,73.6124,54.4,73.7132,58.61666666666667,74.0119,-0.7478,1.4372,-4.8716,4.1238,1.7551,1
2016-03-01,2016,3,March,1,2016-03,0,0,0,0,0,Pre-COVID,95.3,94.1,101.8,107.1,98.112,100.61,99.078,2028591142.0,8915195378.0,2164185087.0,3058064062.0,602607409.0,9.73206356326397,16.629886601591526,3.666930377285449,504.4,55.21666666666667,72.5928,54.60833333333333,72.318,58.90833333333333,72.8109,-1.4108,-0.3121,-0.8258,-0.585,1.8578,1
2016-04-01,2016,4,April,2,2016-04,0,0,0,0,0,Pre-COVID,0.1,0.1,0.1,0.0,97.975,100.275,98.964,1992176189.0,7911206801.0,2153090940.0,3213589600.0,563964401.0,-0.972951387297305,-6.8764629302001445,-0.7345809767480671,504.4,47.375,-99.7889,46.83333333333332,-99.7865,50.48333333333333,-99.8019,-1.1422,-2.5747,0.0769,-1.2191,1.8167,1
2016-05-01,2016,5,May,2,2016-05,0,0,0,0,0,Pre-COVID,97.1,96.2,102.4,112.0,97.598,100.065,99.856,1968697364.0,7846297922.0,2037294825.0,2987772845.0,521518324.0,2.058961194030906,5.746870688845851,-0.3484991517959446,504.6,55.69166666666666,74.3528,55.075,74.6709,59.208333333333336,72.9486,-1.5941,-2.6633,1.6408,-3.2349,2.1457,1
2016-06-01,2016,6,June,2,2016-06,0,0,0,0,0,Pre-COVID,0.0,0.0,0.0,0.0,97.212,99.412,100.928,2117044037.0,8754580737.0,2206186173.0,3374652537.0,552008084.0,15.342611535374571,22.852381804972065,15.707021716438696,505.0,47.85,-100.0,47.333333333333336,-100.0,50.85833333333333,-100.0,-1.8041,-2.0156,0.9462,-2.7503,1.835,1
2016-07-01,2016,7,July,3,2016-07,0,0,0,0,0,Pre-COVID,0.0,0.0,0.0,0.0,96.923,96.045,102.575,1986677789.0,7931285016.0,2174793951.0,3364482846.0,638021948.0,0.6479037942686894,0.4707586921437467,-0.0690452768762561,504.9,39.98333333333333,-100.0,39.59166666666666,-100.0,42.48333333333333,-100.0,-1.7317,-2.3208,5.2548,-6.9865,-0.1582,1
2016-08-01,2016,8,August,3,2016-08,0,0,0,0,0,Pre-COVID,0.0,0.0,0.0,0.0,97.331,96.978,103.481,2068670114.0,7311180402.0,2165010237.0,3479999281.0,565968026.0,6.783335508184152,-8.662251615711469,1.8202929210371368,504.6,40.2,-100.0,39.8,-100.0,42.53333333333333,-100.0,-1.441,-2.6237,6.179,-7.62,0.0397,1
2016-09-01,2016,9,September,3,2016-09,0,0,0,0,0,Pre-COVID,0.0,0.1,0.0,0.0,97.251,101.983,101.105,2224692559.0,9463189539.0,2380018034.0,3534404113.0,669905500.0,23.30554909206624,51.10281870334554,33.80491792201481,505.2,40.39166666666667,-100.0,40.016666666666666,-99.7501,42.67499999999999,-100.0,-0.8776,1.3647,2.0459,-2.9235,0.1586,1
2016-10-01,2016,10,October,4,2016-10,0,0,0,0,0,Pre-COVID,99.8,98.9,104.1,110.7,96.754,102.252,101.115,2306432274.0,8469638457.0,2341692280.0,3146974681.0,620430995.0,13.730553172255622,4.875641403201048,12.575457143447256,504.3,56.875,75.4725,56.35,75.5102,59.99166666666667,73.5241,-1.2462,1.9716,2.1735,-3.4197,-0.0198,1
2016-11-01,2016,11,November,4,2016-11,0,0,0,0,0,Pre-COVID,99.1,98.4,103.6,111.2,97.158,103.728,100.721,2271931176.0,8338984011.4,2333802345.0,3200536898.4,667337743.4,8.554442620241876,,,504.6,49.04999999999999,102.0387,48.61666666666667,102.3997,51.625,100.678,-0.4508,3.6606,0.8662,-1.317,0.0,1
2016-12-01,2016,12,December,4,2016-12,0,0,0,0,0,Pre-COVID,98.5,97.6,102.6,110.0,97.911,102.692,103.689,2222016861.6666665,8077675120.2,2318022475.0,3307661333.2,761151240.2,,,,504.7,57.26666666666666,72.0023,56.75833333333333,71.9571,60.175,70.5027,0.719,3.2994,2.7356,-2.0166,-0.0594,1
2017-01-01,2017,1,January,1,2017-01,0,0,0,0,0,Pre-COVID,97.4,96.6,102.2,108.4,98.144,98.337,103.022,2122188233.0,7816366229.0,2302242605.0,3414785768.0,854964737.0,10.670725407739855,,,509.9,57.375,69.7603,56.86666666666667,69.871,60.175,69.838,1.2598,2.3864,0.4358,0.824,0.9903,1
2017-02-01,2017,2,February,1,2017-02,0,0,0,0,0,Pre-COVID,97.9,97.3,102.8,109.0,98.917,99.525,104.22,2091381083.0,8869621932.0,2375892810.0,3296228054.0,933227339.0,19.79973410439355,29.3243093313611,25.04786928396508,510.6,57.375,70.6318,56.89166666666667,71.0268,60.19166666666667,70.7878,1.6295,2.6264,0.7141,0.9154,1.1891,1
2017-03-01,2017,3,March,1,2017-03,0,0,0,0,0,Pre-COVID,97.5,97.0,102.8,110.0,99.268,101.559,103.696,2379692586.0,10365947559.0,2564672760.0,4231410180.0,617877908.0,24.366982772022183,23.30945788963119,25.02878490868101,509.4,57.35833333333333,69.984,56.91666666666666,70.4246,60.13333333333333,70.9534,2.074,-0.4158,2.5627,-0.4887,0.8314,1
2017-04-01,2017,4,April,2,2017-04,0,0,0,0,0,Pre-COVID,99.1,98.4,102.9,109.4,99.485,102.687,105.343,2193910991.0,7565082073.0,2189509622.0,3603699524.0,521593012.0,8.14949082529317,-15.143956444652584,1.170164934234208,510.0,49.13333333333333,101.6961,48.78333333333333,101.7082,51.4,100.1946,2.8226,0.4254,4.1814,-1.3588,1.1303,1
2017-05-01,2017,5,May,2,2017-05,0,0,0,0,0,Pre-COVID,97.8,96.6,102.1,108.3,99.638,103.18,104.561,2262272565.0,8172955615.0,2463286486.0,3881661747.0,618693902.0,13.557855850871237,3.308582629478396,14.406987658403311,510.2,49.01666666666667,99.524,48.63333333333333,98.6292,51.26666666666667,99.1547,2.5525,-0.5283,3.8125,-1.26,1.1098,1
2017-06-01,2017,6,June,2,2017-06,0,0,0,0,0,Pre-COVID,0.0,0.0,0.0,0.0,99.432,102.11,104.645,2352773355.0,9211654353.0,2655621251.0,3704688012.0,570415853.0,19.509143356581447,17.40128203865059,30.35036551472121,509.1,40.80833333333333,-100.0,40.49166666666667,-100.0,42.71666666666667,-100.0,1.5535,-0.5667,0.922,0.6315,0.8718,1
2017-07-01,2017,7,July,3,2017-07,0,0,0,0,0,Pre-COVID,0.0,0.0,0.0,0.0,99.397,99.096,105.731,2204321437.0,8455345283.0,2506720785.0,3377093522.0,668438686.0,4.12260673253062,-3.4180443700213226,13.62235951244899,510.2,40.90833333333333,-100.0,40.6,-100.0,42.65,-100.0,1.2767,0.7718,2.6295,-1.3528,0.0588,1
2017-08-01,2017,8,August,3,2017-08,0,0,0,0,0,Pre-COVID,0.0,0.0,0.0,0.0,99.421,101.456,106.771,2231755363.0,7936224149.0,2495452152.0,3888000732.0,672823583.0,12.336050433390122,0.0622740576090352,14.744302597152114,509.3,40.958333333333336,-100.0,40.63333333333333,-100.0,42.575,-100.0,0.5095,1.9402,2.4477,-1.9382,-0.2546,1
2017-09-01,2017,9,September,3,2017-09,0,0,0,0,0,Pre-COVID,99.3,98.6,102.3,110.9,100.173,105.382,105.344,2378178108.0,9140911555.0,2635374753.0,3923537878.0,671998941.0,14.961689246891696,25.026480710275862,21.725740967016023,509.1,49.4,101.0121,48.99166666666667,101.2587,51.05,100.3918,0.9117,3.7643,1.5893,-0.6776,-0.0589,1
2017-10-01,2017,10,October,4,2017-10,0,0,0,0,0,Pre-COVID,0.0,0.1,0.1,0.0,100.618,105.54,105.17,2466488132.0,9314635781.0,2625311117.0,3807343446.0,742457771.0,10.868718557169398,-1.5698064314127458,10.306353964375049,510.9,41.13333333333333,-100.0,40.79166666666666,-99.7549,42.48333333333333,-99.7646,1.1389,2.7783,-0.1642,1.3031,0.1765,1
2017-11-01,2017,11,November,4,2017-11,0,0,0,0,0,Pre-COVID,99.8,98.9,102.5,109.2,101.124,106.823,105.262,2368323413.0,9179071624.6,2600800111.0,3763523568.0,823183600.8,2.68341454018346,,,510.9,49.6,101.2097,49.208333333333336,100.9822,51.083333333333336,100.6525,1.4914,3.5307,0.6704,0.821,0.1372,1
2017-12-01,2017,12,December,4,2017-12,0,0,0,0,0,Pre-COVID,-0.1,-0.1,-0.2,0.0,101.776,105.83,107.629,2309330049.333333,8907943311.8,2551778099.0,3675883812.0,984635260.4,,,,510.6,49.59166666666667,-100.2016,49.208333333333336,-100.2032,51.06666666666666,-100.3916,2.3574,3.6431,2.8515,-0.4941,0.2946,1
2018-01-01,2018,1,January,1,2018-01,0,0,0,0,0,Pre-COVID,-0.1,0.0,0.0,0.0,101.732,101.722,106.55,2191343322.0,8636814999.0,2502756087.0,3588244056.0,1146086920.0,-3.5471080660939847,,,511.6,49.69166666666666,-100.2012,49.29166666666666,-100.0,51.14166666666667,-100.0,2.3492,2.65,0.7746,1.5746,0.2744,1
2018-02-01,2018,2,February,1,2018-02,0,0,0,0,0,Pre-COVID,99.4,98.3,102.5,110.8,101.863,103.405,107.128,2117601206.0,8500337932.0,2446033935.0,3433390459.0,1069333283.0,-0.2161460952742944,8.750507370833693,6.24570710696235,511.2,58.00833333333333,71.3547,57.5,70.9565,59.65833333333334,71.8117,2.4562,1.921,0.3344,2.1218,0.3731,1
2018-03-01,2018,3,March,1,2018-03,0,0,0,0,0,Pre-COVID,0.1,0.0,0.1,0.0,102.288,104.104,106.773,2382335880.0,9616007673.0,2709754666.0,3421209964.0,1301040646.0,13.91208897149616,8.415079545918115,14.052058855298275,512.4,41.458333333333336,-99.7588,41.05833333333334,-100.0,42.62500000000001,-99.7654,2.1113,-1.2127,1.3565,0.7548,0.6482,1
2018-04-01,2018,4,April,2,2018-04,0,0,0,0,0,Pre-COVID,99.4,98.5,102.7,108.7,102.135,104.482,107.884,2259688276.0,8509428177.0,2609336234.0,3434255237.0,734051567.0,-5.042849261539029,-17.909789446967817,1.7414882201189696,511.9,57.90833333333333,71.6506,57.36666666666667,71.7025,59.60833333333333,72.2913,1.5077,-1.0025,2.5806,-1.0729,0.1957,1
2018-05-01,2018,5,May,2,2018-05,0,0,0,0,0,Pre-COVID,0.0,0.1,0.0,0.0,101.886,104.709,109.504,2374583055.0,8539953451.0,2819442976.0,3516513310.0,1175858909.0,8.235159254006398,12.88646135749596,28.77052229734389,511.2,41.29166666666666,-100.0,40.90833333333333,-99.7556,42.50833333333333,-100.0,0.7535,-1.979,4.0299,-3.2764,0.0587,1
2018-06-01,2018,6,June,2,2018-06,0,0,0,0,0,Pre-COVID,100.8,99.9,104.0,113.3,101.422,102.459,110.352,2401044604.0,9016761113.0,2786575684.0,3723493519.0,756133635.0,6.134187416095016,10.324361684423522,13.124303642203316,512.0,58.13333333333333,73.3945,57.6,73.4375,59.866666666666674,73.7194,-0.3478,-3.1853,2.53,-2.8778,0.2742,1
2018-07-01,2018,7,July,3,2018-07,0,0,0,0,0,Pre-COVID,101.8,101.1,104.8,112.3,101.667,98.71,111.808,2331740890.0,8668078100.0,2765485082.0,3516521947.0,739576867.0,-0.8939435222395264,-5.900962326305381,4.137029365864198,511.1,58.3,74.6141,57.78333333333333,74.9639,60.083333333333336,74.4244,-0.0639,-2.961,4.9348,-4.9987,-0.0977,1
2018-08-01,2018,8,August,3,2018-08,0,0,0,0,0,Pre-COVID,101.9,101.4,104.0,112.7,101.867,101.768,113.312,2351470519.0,6971090207.0,2611315312.0,3860897784.0,840723723.0,6.675482056748705,-17.554044528307877,4.172563918003336,512.8,50.26666666666667,102.7188,49.88333333333333,103.2743,51.75,100.9662,0.0039,-1.5831,5.7725,-5.7686,0.313,1
2018-09-01,2018,9,September,3,2018-09,0,0,0,0,0,Pre-COVID,101.7,101.1,103.3,111.2,101.694,104.919,111.238,2316289894.0,8666515515.0,2552396922.0,3494416053.0,856953418.0,3.787804541729245,9.202000249602582,2.281941970089907,511.5,58.73333333333333,73.1555,58.30833333333334,73.3886,60.35,71.1682,-0.5807,0.7829,4.1818,-4.7625,-0.1756,1
2018-10-01,2018,10,October,4,2018-10,0,0,0,0,0,Pre-COVID,101.1,100.6,103.6,109.6,101.473,104.424,110.816,2585835685.0,9674892950.0,2986494198.0,3738254389.0,835034753.0,8.731792471785727,5.84166460628226,13.323321269595546,512.3,50.708333333333336,99.3755,50.375,99.7022,51.98333333333333,99.2946,-0.6482,-0.0555,2.7177,-3.3659,0.0781,1
2018-11-01,2018,11,November,4,2018-11,0,0,0,0,0,Pre-COVID,102.5,101.6,103.8,108.5,101.601,106.006,110.396,2408933887.0,9552064056.8,2909744647.2,3803244893.8,853356126.2,-2.3334490952255704,,,511.6,59.25833333333333,72.9715,58.84166666666667,72.6668,60.65,71.1459,-0.2797,1.2387,0.8146,-1.0943,0.0782,1
2018-12-01,2018,12,December,4,2018-12,0,0,0,0,0,Pre-COVID,102.6,101.8,104.1,113.4,102.537,104.921,111.267,2399097949.6666665,9306406270.4,2756245545.6,3933225903.4,889998872.6,,,,512.0,50.975,101.2751,50.633333333333326,101.0533,51.98333333333334,100.2565,1.0994,2.4029,0.8292,0.2702,0.0,1
2019-01-01,2019,1,January,1,2019-01,0,0,0,0,0,Pre-COVID,102.7,101.4,104.9,111.5,102.627,100.37,109.937,2379426075.0,9060748484.0,2602746444.0,4063206913.0,926641619.0,0.4687983887274871,,,515.1,51.05,101.1753,50.66666666666666,100.1316,51.99166666666667,101.7631,0.9443,1.6817,-1.6734,2.6177,0.7826,0
2019-02-01,2019,2,February,1,2019-02,0,0,0,0,0,Pre-COVID,0.0,0.0,0.0,0.0,103.026,101.346,110.404,2378813732.0,9874634830.0,2593701046.0,4129734603.0,717091616.0,8.555045123139315,14.33190164595768,3.633792340867448,514.4,42.55833333333333,-100.0,42.21666666666667,-100.0,43.31666666666666,-100.0,1.1378,-0.4147,-2.5664,3.7042,0.312,1
2019-03-01,2019,3,March,1,2019-03,0,0,0,0,0,Pre-COVID,0.1,0.0,0.1,0.0,103.104,102.389,110.285,2660903193.0,10901265593.0,2982269340.0,5233507310.0,772588702.0,25.65648269658192,28.2450848449398,21.92264781477775,515.9,42.675,-99.7657,42.25833333333333,-100.0,43.35833333333334,-99.7694,1.3865,-2.4114,-0.8567,2.2432,0.8602,0
2019-04-01,2019,4,April,2,2019-04,0,0,0,0,0,Pre-COVID,0.0,0.0,-0.1,0.0,102.836,102.539,112.908,2421904109.0,8068825584.0,2624573728.0,2871640366.0,649104669.0,1.6609005191996706,-16.089651148513596,-3.1434926219996,515.6,42.94166666666666,-100.0,42.45,-100.0,43.40833333333333,-100.2304,1.3432,-1.8051,1.8878,-0.5446,0.6442,0
2019-05-01,2019,5,May,2,2019-05,0,0,0,0,0,Pre-COVID,0.0,0.0,0.1,0.0,102.943,103.042,112.519,2356179179.0,8476531482.0,2766928277.0,3158012973.0,694392931.0,4.270097961069386,-0.3865911353352236,6.039545266208113,515.9,43.04166666666666,-100.0,42.525,-100.0,43.46666666666667,-99.7699,1.3209,-2.7961,1.9231,-0.6022,0.8405,0
2019-06-01,2019,6,June,2,2019-06,0,0,0,0,0,Pre-COVID,104.2,103.1,103.8,109.7,103.069,101.996,112.964,2186915583.0,8164087039.0,2897513209.0,3207737135.0,835545734.0,-7.903175742993751,-4.401270032168469,2.768994927883228,515.8,51.75,101.3527,51.11666666666667,101.6955,52.10833333333333,99.2004,0.5188,-2.7878,1.5252,-1.0064,0.7422,0
2019-07-01,2019,7,July,3,2019-07,0,0,0,0,0,Pre-COVID,105.3,104.3,104.7,110.6,103.118,99.071,113.439,2329128394.0,9239584774.0,2728227283.0,3671557029.0,740964585.0,-2.995205081996055,2.47121619623194,-2.093910505823537,515.2,51.96666666666667,102.6299,51.35833333333333,103.0829,52.083333333333336,101.024,0.4784,-1.2942,3.1855,-2.7071,0.0194,0
2019-08-01,2019,8,August,3,2019-08,0,0,0,0,0,Pre-COVID,104.4,103.4,104.6,109.7,103.668,100.887,114.919,2315289423.0,7598365063.0,2545066174.0,3487187265.0,635867248.0,-0.7055443883389634,-12.340832935042434,-7.970352450449414,515.8,60.66666666666666,72.0879,59.975,72.4052,60.80833333333334,72.0159,0.6231,-0.4529,4.0895,-3.4664,0.2722,0
2019-09-01,2019,9,September,3,2019-09,0,0,0,0,0,Pre-COVID,104.4,103.6,105.4,106.9,103.493,103.885,111.946,2459577083.0,9815533974.0,2780876428.0,3497614434.0,568379061.0,4.5974024818297154,40.80342790778637,6.493322166832982,514.2,60.775,71.7812,60.13333333333333,72.2838,60.93333333333333,72.9759,0.3773,1.4611,1.5061,-1.1288,-0.3295,1
2019-10-01,2019,10,October,4,2019-10,0,0,0,0,0,Pre-COVID,0.1,0.1,0.3,0.0,102.828,104.904,111.69,2885868065.0,10183283521.0,2817320949.0,4338384806.0,719970713.0,24.59010732963116,17.5014745358129,10.37942119098043,514.4,52.09166666666667,-99.808,51.56666666666667,-99.8061,52.275000000000006,-99.4261,-0.0078,2.3064,-1.0788,1.071,-0.2327,1
2019-11-01,2019,11,November,4,2019-11,0,0,0,0,0,Pre-COVID,0.0,0.0,-0.1,0.0,103.715,105.954,111.389,2233241887.0,9628314399.2,2713488702.2,4104873324.8,690120959.0,-13.63558404137346,,,514.1,52.1,-100.0,51.59166666666667,-100.0,52.333333333333336,-100.1911,0.7499,2.826,-1.0043,1.7542,-0.3489,1
2019-12-01,2019,12,December,4,2019-12,0,0,0,0,0,Pre-COVID,0.0,0.0,0.0,0.0,104.286,104.044,112.079,2240236936.6666665,8518376155.6,2505824208.6,3637850362.4,630421451.0,,,,514.7,43.46666666666667,-100.0,43.05,-100.0,43.71666666666667,-100.0,1.1808,2.0079,-0.7834,1.9642,-0.2133,1
2020-01-01,2020,1,January,1,2020-01,0,0,0,0,0,Pre-COVID,-0.1,-0.1,-0.1,0.0,104.099,100.604,111.958,2254227036.0,7408437912.0,2298159715.0,3170827400.0,570721943.0,-6.422212408355732,,,507.8,43.38333333333333,-100.2305,42.958333333333336,-100.2328,43.8,-100.2283,0.9513,1.5474,-1.3055,2.2568,-1.4363,1
2020-02-01,2020,2,February,1,2020-02,0,0,0,0,0,Pre-COVID,0.0,0.1,-0.1,0.1,104.26,101.537,112.414,2175968308.0,8274206483.0,2251755373.0,2788231270.0,417163135.0,-8.550707632301624,-8.680761886161193,-13.48541160469644,507.5,43.375,-100.0,42.975,-99.7673,43.85833333333333,-100.228,0.5711,0.6443,-2.1798,2.7509,-1.6092,1
2020-03-01,2020,3,March,1,2020-03,0,1,0,0,0,COVID Period,97.4,97.8,113.4,107.8,104.454,101.169,111.769,2537382582.0,8379342323.0,2428386942.0,3571007486.0,496686656.0,6.665879209747216,-15.142762570390666,-6.373676112555337,508.7,51.44166666666667,89.3407,51.075,91.4831,53.275000000000006,112.8578,0.9286,-2.6144,-0.1581,1.0867,-1.0696,1
2020-04-01,2020,4,April,2,2020-04,0,1,0,0,0,COVID Period,0.0,0.0,-0.1,0.0,104.221,99.542,111.753,2325000024.0,3394079745.0,1547391654.0,3016169831.0,241744550.0,-12.623652370505456,-68.86526875210313,-48.11361826896561,507.7,51.44166666666666,-100.0,51.075,-100.0,53.25833333333333,-100.1878,1.3547,-5.1113,0.0564,1.2983,-1.3025,1
2020-05-01,2020,5,May,2,2020-05,0,1,0,0,0,COVID Period,90.8,93.5,111.6,94.0,104.79,99.806,110.619,2299560439.0,3845488144.0,1470457924.0,2876310292.0,226846603.0,-5.051548884423651,-52.34141444790461,-43.97345716325024,507.6,57.00833333333333,59.275,57.258333333333326,63.295,62.91666666666666,77.3775,1.0365,-5.8025,-0.6913,1.7278,-1.2643,1
2020-06-01,2020,6,June,2,2020-06,0,1,0,0,0,COVID Period,102.1,104.9,110.6,101.5,104.208,99.728,111.161,2377474808.0,6320791368.0,2281296294.0,3018249466.0,382206570.0,0.903820439031211,-25.431865835427324,-17.551303625641467,508.1,56.89166666666667,79.4639,57.46666666666667,82.5406,63.45000000000001,74.3105,-0.0748,-4.1482,-0.8191,0.7443,-1.2823,1
2020-07-01,2020,7,July,3,2020-07,0,1,0,0,0,COVID Period,0.0,0.0,0.1,0.0,103.935,98.97,112.591,2305808137.0,7149228415.0,2206095883.0,3080538064.0,328084785.0,5.436540620232977,-12.430766834699348,-23.86243913754665,507.3,48.19166666666666,-100.0,48.85833333333333,-100.0,54.64166666666667,-99.817,-0.1575,-1.6242,0.5654,-0.7229,-0.0985,1
2020-08-01,2020,8,August,3,2020-08,0,1,0,0,0,COVID Period,-0.1,-0.1,-0.2,0.0,104.061,99.493,113.798,2195329490.0,5686626031.0,1918015487.0,2872900265.0,418714837.0,-5.744591167437374,-38.45366247407516,-29.69737166139175,508.6,48.41666666666666,-100.2065,49.24166666666667,-100.2031,54.866666666666674,-100.3645,-0.1909,-2.0131,1.2312,-1.4221,0.2167,1
2020-09-01,2020,9,September,3,2020-09,0,1,0,0,0,COVID Period,110.2,111.3,111.0,106.7,103.367,102.374,112.988,2478748497.0,8723408938.0,2416159119.0,3133025987.0,413052761.0,7.059984482985304,14.80639408177906,-5.064978518707863,507.1,49.875,120.9524,50.91666666666666,118.5925,55.10833333333333,101.4214,-1.0406,1.1911,1.0906,-2.1312,-0.3145,1
2020-10-01,2020,10,October,4,2020-10,0,1,0,0,0,COVID Period,0.1,0.1,0.3,0.0,103.414,104.93,113.084,2615714797.0,8653302487.0,2491586883.0,3525765686.0,443297514.0,6.348152903163151,-11.840736225645909,-10.402819128790142,509.0,49.88333333333333,-99.7995,50.925,-99.8036,55.13333333333333,-99.4559,-0.7743,5.4128,1.191,-1.9653,0.2561,1
2020-11-01,2020,11,November,4,2020-11,0,1,0,0,0,COVID Period,0.0,0.0,0.0,0.0,103.129,102.115,112.497,2557308580.0,8006898425.6,2352059208.8,656210580.0,414390116.0,-11.385118016474538,,,508.5,44.93333333333334,-100.0,45.53333333333334,-100.0,45.825,-100.0,-1.5851,2.3135,1.6977,-3.2828,0.1773,1
2020-12-01,2020,12,December,4,2020-12,0,1,0,0,0,COVID Period,0.0,0.0,0.0,0.0,102.797,102.153,114.193,2289334777.6666665,6714090302.8,2073003860.4,1260820061.6666665,587395828.6666666,,,,507.4,45.26666666666667,-100.0,45.80833333333334,-100.0,45.9,-100.0,-1.354,2.4316,2.7276,-4.0816,-0.1378,1
2021-01-01,2021,1,January,1,2021-01,1,1,0,0,0,Post-Brexit / Recovery,-0.1,0.0,-0.2,0.0,103.381,97.194,114.335,1753387173.0,5421282180.0,1793948512.0,2470039025.0,933407254.0,-21.48691177580443,,,514.0,54.20000000000001,-100.1845,54.89166666666667,-100.0,54.84166666666667,-100.3647,-0.533,-1.7945,1.549,-2.082,1.3207,1
2021-02-01,2021,2,February,1,2021-02,1,1,0,0,0,Post-Brexit / Recovery,0.0,0.0,-0.1,0.1,103.616,95.701,115.162,1901149291.0,6402014419.0,2089064977.0,2463949781.0,573192652.0,-15.662918568597984,-13.58482725987108,-9.09835537692384,515.6,53.53333333333334,-100.0,54.258333333333326,-100.0,55.083333333333336,-100.1815,-0.4276,-3.8113,1.1986,-1.6262,1.3763,0
2021-03-01,2021,3,March,1,2021-03,1,1,0,0,0,Post-Brexit / Recovery,104.0,105.1,113.6,107.2,102.995,97.236,115.947,2169882519.0,8163077334.0,2454483537.0,3090598170.0,476006674.0,-0.2796818766902742,-1.3430792333781305,9.003116698680568,515.4,52.3,98.8528,53.09166666666667,97.9595,55.46666666666667,104.8077,-0.3599,-5.0189,2.6189,-2.9788,1.6368,0
2021-04-01,2021,4,April,2,2021-04,1,0,0,0,0,Post-Brexit / Recovery,0.0,0.0,-0.1,0.0,103.758,99.606,117.158,1978883136.0,6524139807.0,2293397676.0,2774269766.0,413695583.0,-22.010848894524337,-22.14019244574548,-5.55880381603534,515.5,52.28333333333333,-100.0,53.075,-100.0,55.43333333333333,-100.1804,0.3326,-5.0739,3.6026,-3.27,1.277,0
2021-05-01,2021,5,May,2,2021-05,1,0,0,0,0,Post-Brexit / Recovery,110.5,111.2,107.2,105.7,103.457,101.93,117.588,2013265772.0,6027375318.0,2307494691.0,2936339537.0,496269721.0,-13.40792467879992,77.5849647280459,49.12156757696975,515.5,61.6,79.3831,62.45,78.0624,64.60833333333333,65.9229,0.318,-0.1812,4.5255,-4.2075,1.3766,0
2021-06-01,2021,6,June,2,2021-06,1,0,1,0,0,Post-Brexit / Recovery,111.2,111.7,110.4,103.5,103.627,102.713,119.115,2187907194.0,7145474030.0,2547205460.0,3371017690.0,599927932.0,-4.855416848645833,85.81448602692663,73.22532106671827,514.1,62.03333333333333,79.2585,62.75,78.008,64.50833333333334,71.1407,0.8074,0.5482,4.3102,-3.5028,1.3205,1
2021-07-01,2021,7,July,3,2021-07,1,0,1,0,0,Post-Brexit / Recovery,108.8,108.9,109.9,102.1,103.279,100.641,121.275,2112247315.0,6585438481.0,2476946217.0,3512033451.0,751876312.0,-11.155848722667097,4.186930047079507,8.576260940526481,514.7,62.16666666666666,75.0134,62.74166666666667,73.5689,64.7,69.8609,-0.0987,3.5465,6.0699,-6.1686,0.1362,1
2021-08-01,2021,8,August,3,2021-08,1,0,1,0,0,Post-Brexit / Recovery,-0.1,-0.2,-0.4,0.0,104.379,100.818,122.69,1997921135.0,5249150114.0,2247308833.0,3186290254.0,775721042.0,-13.35267219590005,-26.577389764375013,1.8681395635422595,514.2,53.90833333333333,-100.1855,54.35,-100.368,55.45,-100.7214,0.7364,5.3469,6.5369,-5.8005,-0.2715,1
2021-09-01,2021,9,September,3,2021-09,1,0,1,0,0,Post-Brexit / Recovery,109.0,108.8,108.3,104.2,104.188,102.958,122.436,2217739434.0,7103923444.0,2574344956.0,3609063642.0,1001947004.0,1.0208009368106286,24.923344796611623,34.21919548869627,515.7,55.075,97.9119,55.25,96.9231,54.71666666666667,97.9287,1.1583,5.8847,5.5965,-4.4382,0.0582,0
2021-10-01,2021,10,October,4,2021-10,1,0,1,0,0,Post-Brexit / Recovery,108.8,109.4,108.7,104.2,104.704,104.556,124.333,2162831696.0,6914524241.0,2391710767.0,3225480869.0,1042874773.0,-12.74501230691013,-20.73598417609802,-1.0118684571618242,515.2,64.14999999999999,69.6025,64.38333333333334,69.9198,63.79166666666666,70.3984,0.9117,4.9696,6.1242,-5.2125,-0.0582,0
2021-11-01,2021,11,November,4,2021-11,1,0,1,0,0,Post-Brexit / Recovery,0.0,0.0,0.1,0.0,105.733,105.682,126.543,2209910326.0,7098029683.0,2471770444.0,910493032.0,905079118.0,-15.514094711909063,,,514.7,45.56666666666666,-100.0,45.650000000000006,-100.0,45.525,-99.7803,2.1999,3.681,7.6156,-5.4157,-0.1552,1
2021-12-01,2021,12,December,4,2021-12,1,0,1,0,0,Post-Brexit / Recovery,0.0,0.0,-0.1,0.0,107.091,106.435,127.808,2289024378.333333,7465040567.0,2631889798.0,1896537304.3333333,959140167.6666666,,,,514.1,45.333333333333336,-100.0,45.375,-100.0,45.25833333333333,-100.221,3.3428,3.6237,7.298,-3.9552,0.0,1
2022-01-01,2022,1,January,1,2022-01,1,0,1,0,0,Post-Brexit / Recovery,0.0,0.0,-0.1,0.0,107.848,103.337,127.263,2447252483.0,7832051451.0,2792009152.0,3868625849.0,1067262267.0,-4.3035908087400205,,,519.6,45.333333333333336,-100.0,45.375,-100.0,45.14166666666667,-100.2215,4.4239,2.6788,4.9375,-0.5136,0.952,0
2022-02-01,2022,2,February,1,2022-02,1,0,1,1,0,High Inflation,0.1,0.1,-0.1,0.0,108.874,104.191,128.368,2524300778.0,8912941474.0,2806851146.0,3686579215.0,908404075.0,43.96710645949273,64.40652189036211,56.46219092825335,519.7,54.325,-99.8159,54.36666666666667,-99.8161,53.90833333333334,-100.1855,4.3064,3.3456,4.6279,-0.3215,1.0696,0
2022-03-01,2022,3,March,1,2022-03,1,0,1,1,0,High Inflation,-0.1,0.0,0.0,0.0,109.041,106.777,131.485,2806377911.0,11184786181.0,3280457486.0,4789163976.0,1295193835.0,47.61480985661319,74.70729443853818,57.02994028988502,520.5,45.025000000000006,-100.2221,45.083333333333336,-100.0,44.525000000000006,-100.0,4.6579,3.7093,7.3908,-2.7329,0.9308,0
2022-04-01,2022,4,April,2,2022-04,1,0,0,1,0,High Inflation,0.0,-0.1,0.0,-0.1,110.683,107.86,132.945,2594529591.0,9456939181.0,2864204751.0,4643804049.0,1064578456.0,19.570048990288225,15.850172601096668,16.692766841727646,520.3,44.741666666666674,-100.0,44.725,-100.2236,44.15833333333334,-100.0,5.7104,3.16,6.9266,-1.2162,0.9899,0
2022-05-01,2022,5,May,2,2022-05,1,0,0,1,0,High Inflation,0.0,0.1,0.1,0.0,112.373,109.031,133.761,2984917929.0,9514599357.0,3290093347.0,4998699016.0,1229861703.0,50.83851464991209,45.836840387623525,43.45934773677691,520.8,53.45,-100.0,53.425,-99.8128,52.76666666666667,-99.8105,6.28,3.1689,5.704,0.576,1.1852,0
2022-06-01,2022,6,June,2,2022-06,1,0,0,1,1,High Inflation,103.1,103.2,104.1,100.0,113.739,109.058,136.878,2858685646.0,9574543683.0,3293807369.0,4490805495.0,1595641307.0,41.99246248348776,58.85096211624366,42.74387637150148,519.9,61.60833333333333,67.3475,61.583333333333336,67.5778,60.975,70.7257,6.2078,2.4644,7.0966,-0.8888,1.1282,0
2022-07-01,2022,7,July,3,2022-07,1,0,0,1,1,High Inflation,103.6,103.9,105.6,102.4,116.289,107.346,139.184,2763920028.0,9071467851.0,3230910724.0,4250906255.0,1621157981.0,26.32711458601291,26.954038499248444,26.841386560156,519.2,61.17499999999999,69.3502,61.16666666666666,69.8638,60.73333333333333,73.8749,7.8268,3.8795,9.3672,-1.5404,-0.077,0
2022-08-01,2022,8,August,3,2022-08,1,0,0,1,1,High Inflation,101.5,101.7,104.3,98.0,118.013,108.488,137.44,2660222599.0,7793208184.0,2900954005.0,4738861227.0,1422547343.0,25.94276153689892,18.34000433660721,17.11816692223318,520.4,60.66666666666666,67.3077,60.66666666666668,67.6374,60.69166666666666,71.8523,8.3941,4.1242,7.0672,1.3269,0.1347,0
2022-09-01,2022,9,September,3,2022-09,1,0,0,1,1,High Inflation,0.1,0.1,0.2,-0.1,119.341,111.705,135.399,2630351614.0,8869901973.0,2798640256.0,3996474615.0,1180648507.0,31.65442658976627,68.97786842374917,24.532962043494976,520.5,51.79999999999999,-99.8069,51.81666666666667,-99.807,51.98333333333333,-99.6153,9.446,4.6152,2.9768,6.4692,0.0,0
2022-10-01,2022,10,October,4,2022-10,1,0,0,1,1,High Inflation,0.1,0.1,0.2,-0.1,121.701,113.465,135.445,2930732391.0,8864177990.0,3023643872.0,4474805325.0,1589296137.0,32.14953686935254,24.778624936994746,17.452941376516918,520.1,51.383333333333326,-99.8054,51.425,-99.8055,51.79166666666666,-99.6138,9.9546,5.1966,1.8805,8.0741,-0.0384,0
2022-11-01,2022,11,November,4,2022-11,1,0,0,1,1,High Inflation,100.7,100.6,102.1,97.7,123.078,113.637,135.7,2624828044.0,8897719109.4,2960372986.2,4371014633.8,1513501787.6,21.36071654833007,,,520.5,59.53333333333333,69.1489,59.55833333333333,68.91,60.14166666666667,69.7658,9.5263,4.2245,1.4496,8.0767,-0.0576,0
2022-12-01,2022,12,December,4,2022-12,1,0,0,1,1,High Inflation,0.0,0.0,0.0,0.0,125.084,113.339,136.114,2701969351.333333,8964801348.2,2833831214.6,4163433251.4,1361913088.8,,,,520.0,42.333333333333336,-100.0,42.35833333333333,-100.0,43.0,-100.0,9.9746,3.9254,-0.5582,10.5328,0.0192,0
2023-01-01,2023,1,January,1,2023-01,1,0,0,0,1,High Inflation,101.0,100.4,100.6,99.8,125.832,109.766,131.259,2856251966.0,9031883587.0,2707289443.0,3955851869.0,1210324390.0,29.247414811165505,,,525.0,50.53333333333333,99.8681,50.45,99.0089,51.04166666666666,97.0939,8.2063,2.2544,-5.6939,13.9002,1.1171,0
2023-02-01,2023,2,February,1,2023-02,1,0,0,0,1,High Inflation,101.3,101.3,101.2,100.8,128.514,112.6,132.115,2768698727.0,10388819317.0,2861467213.0,3949992075.0,1322685346.0,13.134984895630808,32.64493194402536,2.487744746475684,524.9,50.491666666666674,100.6272,50.4,100.9921,50.74166666666667,99.4416,8.8982,3.7903,-3.8744,12.7726,0.8647,0
2023-03-01,2023,3,March,1,2023-03,1,0,0,0,1,High Inflation,100.0,100.0,100.5,100.2,129.917,114.431,132.565,3204620994.0,12607273880.0,3237506615.0,4617413674.0,1113362250.0,26.95083810650396,41.44908184101468,15.34301060509462,524.1,58.833333333333336,69.9717,58.73333333333333,70.2611,59.125,69.9789,8.862,2.4404,-2.0931,10.9551,0.6916,0
2023-04-01,2023,4,April,2,2023-04,1,0,0,0,0,High Inflation,101.2,101.4,101.0,101.5,131.747,115.188,134.908,2891721630.0,9713898972.0,2753737622.0,3393401657.0,1170677724.0,3.041062953976481,-13.150785229123551,-16.056292948403716,524.2,58.88333333333333,71.8653,58.8,72.449,59.03333333333333,71.0898,8.2547,1.5185,-0.3965,8.6512,0.7883,0
2023-05-01,2023,5,May,2,2023-05,1,0,0,0,0,High Inflation,0.0,0.1,0.1,0.0,132.934,116.729,135.381,3238014729.0,11457502149.0,3304074235.0,3878384425.0,903999655.0,24.80161106013765,21.1544446856478,15.357473443420044,524.1,42.01666666666667,-100.0,41.96666666666667,-99.7617,42.03333333333333,-99.7621,8.0079,2.7209,-0.2351,8.243,0.6916,0
2023-06-01,2023,6,June,2,2023-06,1,0,0,0,0,Stabilisation,101.1,101.3,101.0,103.9,133.427,116.944,134.464,3085051394.0,11759569919.0,3194355218.0,4813400780.0,1050874738.0,3.3546471756275897,23.595008867591982,-2.909890963649908,525.3,58.8,71.9388,58.8,72.2789,58.81666666666666,71.72,6.6699,3.1807,-1.2122,7.8821,1.0192,0
2023-07-01,2023,7,July,3,2023-07,1,0,0,0,0,Stabilisation,99.9,100.0,99.1,100.9,133.53,114.419,136.366,2929183430.0,10976648348.0,2936915539.0,3979520091.0,979559842.0,2.4660908099022327,14.6440886523866,-10.835236855649889,524.6,50.29166666666666,98.6413,50.375,98.5112,50.23333333333333,97.2794,6.1177,4.239,3.8908,2.2269,-0.0762,0
2023-08-01,2023,8,August,3,2023-08,1,0,0,0,0,Stabilisation,99.7,99.8,99.6,99.4,134.027,116.084,136.702,2909545850.0,9230781270.0,2598717946.0,3646534347.0,1249096855.0,5.268814601172678,1.756203313694571,-19.567014752339528,525.0,50.175,98.7045,50.26666666666667,98.5411,50.15,98.6042,4.2898,3.0941,3.472,0.8178,0.0191,0
2023-09-01,2023,9,September,3,2023-09,1,0,0,0,0,Stabilisation,98.7,98.5,100.1,97.7,133.822,119.45,136.355,2943929100.0,10034336161.0,2812149042.0,3502194188.0,1142244633.0,10.664765463861835,28.757450386109173,-3.061233058053947,525.8,50.05833333333334,97.17,50.13333333333333,96.4761,50.09166666666667,99.8336,3.0058,4.386,2.859,0.1468,0.3244,0
2023-10-01,2023,10,October,4,2023-10,1,0,0,0,0,Stabilisation,99.3,99.4,100.6,98.5,134.004,120.538,136.057,3283262123.0,12184938979.0,2894807572.0,3623187961.0,1520834663.0,24.822176074289672,37.373998225583314,3.436215704888368,524.5,49.91666666666666,98.9316,49.975,98.8994,50.06666666666666,100.9321,1.7131,4.6446,0.8517,0.8614,0.0572,0
2023-11-01,2023,11,November,4,2023-11,1,0,0,0,0,Stabilisation,0.0,0.0,0.1,0.0,134.426,120.124,133.691,3266352708.0,11695332988.2,2845043834.8,3583441366.6,1451509264.0,11.451755814712318,,,524.8,49.925,-100.0,49.96666666666667,-100.0,50.09166666666666,-99.8004,1.1224,2.9084,-1.2483,2.3707,0.1336,0
2023-12-01,2023,12,December,4,2023-12,1,0,0,0,0,Stabilisation,0.1,0.0,-0.1,0.0,135.104,120.623,134.656,3224527345.333333,10716121006.6,2745516360.4,3503948177.8,1312858466.0,,,,525.5,41.55,-99.7593,41.54166666666666,-100.0,41.7,-100.2398,1.2569,3.146,0.1428,1.1141,0.0381,0
2024-01-01,2024,1,January,1,2024-01,1,0,0,0,0,Stabilisation,0.0,-0.1,-0.1,0.1,134.57,115.892,130.913,3140876620.0,9736909025.0,2645988886.0,3424454989.0,1174207668.0,19.66028125840917,,,529.5,41.35,-100.0,41.3,-100.2421,41.425,-100.2414,0.7789,1.2874,-3.9988,4.7777,0.934,0
2024-02-01,2024,2,February,1,2024-02,1,0,0,0,0,Stabilisation,100.4,100.2,99.9,101.0,134.88,118.272,131.925,2966607699.0,10584203969.0,2700974827.0,3403055913.0,1129396147.0,3.8636553887277048,17.187116807332693,-0.2332449534100278,529.2,49.775,101.7077,49.64166666666667,101.8466,49.75,100.804,0.6364,1.8848,-3.4945,4.1309,0.8,0
2024-03-01,2024,3,March,1,2024-03,1,0,0,0,0,Stabilisation,-0.1,0.0,0.1,-0.1,135.132,118.954,132.764,2943259505.0,10537413972.0,2701624443.0,3955310066.0,1295213491.0,6.30479496731462,1.4303324609452384,-5.586042337784425,529.6,41.55833333333333,-100.2406,41.45,-100.0,41.44166666666667,-99.7587,0.9789,-0.4152,-2.6336,3.6125,0.7227,0
2024-04-01,2024,4,April,2,2024-04,1,0,0,0,0,Stabilisation,0.0,0.0,-0.1,-0.2,135.566,119.463,135.049,3397547632.0,11041553491.0,2863846188.0,3690441053.0,1283998259.0,6.020263811577586,-12.419182797986462,-11.541611228491655,529.3,41.60833333333333,-100.0,41.458333333333336,-100.0,41.25,-100.2424,1.1656,-0.8918,-0.7409,1.9065,0.9152,0
2024-05-01,2024,5,May,2,2024-05,1,0,0,0,0,Stabilisation,0.0,0.1,0.0,0.0,135.201,120.223,136.032,3138125472.0,9618070159.0,2961969676.0,3360434841.0,1288284727.0,8.521008365525141,-0.9865123497395212,7.561797185628882,530.9,49.8,-100.0,49.64166666666667,-99.7986,49.39166666666667,-100.0,0.5765,0.0824,1.7511,-1.1746,1.1623,0
2024-06-01,2024,6,June,2,2024-06,1,0,0,0,0,Stabilisation,99.6,99.3,97.4,95.4,135.471,118.816,135.71,3304786338.0,10790230787.0,3105550836.0,3746387631.0,1180711675.0,2.062115666182329,-5.823881622036076,-6.008442452564933,530.6,58.13333333333333,71.3303,57.95,71.3546,57.35,69.8344,0.2716,-1.4981,0.7827,-0.5111,0.9705,0
2024-07-01,2024,7,July,3,2024-07,1,0,0,0,0,Stabilisation,100.4,100.2,98.3,101.3,135.499,116.771,136.691,3124266091.0,11269257616.0,2968362768.0,3809125058.0,1290481705.0,1.2711197316280345,-4.16947478842572,-7.074743870892819,530.3,58.375,71.9914,58.21666666666667,72.1157,57.56666666666666,70.7585,0.6903,0.7585,4.4136,-3.7233,0.1511,0
2024-08-01,2024,8,August,3,2024-08,1,0,0,0,0,Stabilisation,100.8,100.5,99.4,100.4,135.82,117.985,138.419,3100519790.0,8994382230.0,2699070240.0,3365171602.0,955247322.0,5.849287492384869,-18.058937985028724,-8.098472558764314,530.7,50.04166666666666,101.4321,49.93333333333334,101.2684,49.21666666666667,101.9641,0.6969,-0.2427,4.9225,-4.2256,0.2834,0
2024-09-01,2024,9,September,3,2024-09,1,0,0,0,0,Stabilisation,0.1,0.1,0.2,-0.1,136.316,120.457,133.346,3067592581.0,10005211404.0,2745347317.0,3554604157.0,1017223252.0,5.43200688863521,8.38964884280049,5.642373433626946,530.6,50.04166666666666,-99.8002,49.91666666666666,-99.7997,49.2,-99.5935,0.8762,1.2635,0.4384,0.4378,0.1888,0
2024-10-01,2024,10,October,4,2024-10,1,0,0,0,0,Stabilisation,100.2,99.7,97.5,101.2,136.512,121.775,133.497,3556532242.0,11231840805.0,3067693711.0,3871382189.0,1283453813.0,20.80903178001128,11.934069427076665,9.08716661824782,529.4,58.458333333333336,71.4041,58.30833333333333,70.9876,57.30833333333334,70.1323,0.6978,1.9353,-1.1492,1.847,0.0189,0
2024-11-01,2024,11,November,4,2024-11,1,0,0,0,0,Stabilisation,-0.1,0.0,0.0,-0.1,137.142,122.558,132.428,3382671490.0,11231840805.0,3067693711.0,3871382189.0,1283453813.0,3.0277621242487784,,,530.8,50.25833333333333,-100.199,50.125,-100.0,49.150000000000006,-100.0,1.4356,1.9422,-2.6494,4.085,-0.0188,0
2024-12-01,2024,12,December,4,2024-12,1,0,0,0,0,Stabilisation,0.1,0.1,0.2,0.0,137.801,121.941,133.803,3382671490.0,11231840805.0,3067693711.0,3871382189.0,1283453813.0,,,,530.1,41.86666666666667,-99.7611,41.74166666666667,-99.7604,40.958333333333336,-99.5117,1.7199,2.6301,-1.4052,3.1251,-0.0942,0
